<?xml version="1.0" encoding="UTF-8" standalone="yes"?>
<addon id="plugin.video.toonmania2" name="Toonmania2" version="0.2.0" provider-name="doko, MetalKettle">
  <requires>
    <import addon="xbmc.python" version="2.19.0"/>
    <import addon="script.module.requests" />
    <import addon="script.module.beautifulsoup4"/>
  </requires>
  <extension point="xbmc.python.pluginsource" library="default.py">
    <provides>video</provides>
  </extension>
  <extension point="xbmc.addon.metadata">
    <summary lang="en">Toonmania2</summary>
    <description lang="en">Watch cartoons and anime from [B]Animetoon[/B] and [B]Animeplus[/B].[CR][CR]Add-on by doko.</description>
    <disclaimer lang="en"></disclaimer>
    <platform>all</platform>
    <disclaimer lang="en">The authors of this addon do not host any of the content found or have any affiliation with the content providers.</disclaimer>
  </extension>
</addon>