<?xml version="1.0" encoding="UTF-8" standalone="yes"?>
<addon id="doko.repository" name="Doko Repository" version="0.1.1" provider-name="doko">
	<extension point="xbmc.addon.repository" name="Doko Repository">
		<info compressed="false">https://raw.githubusercontent.com/dokoab/doko.repository/master/addons.xml</info>
		<checksum>https://raw.githubusercontent.com/dokoab/doko.repository/master/addons.xml.md5</checksum>
        <datadir zip="true">https://raw.githubusercontent.com/dokoab/doko.repository/master/</datadir>
	</extension>
	<extension point="xbmc.addon.metadata">
		<summary>Doko Kodi Add-ons</summary>
		<description>Add-ons for Kodi</description>
		<disclaimer></disclaimer>
		<platform>all</platform>
	</extension>
</addon>